City_ID,City,Country,Date,Lat,Lng,Max Temp,Humidity,Cloudiness,Wind Speed
0,Coihaique,BR,2022-01-19 22:18:27,-19.6961,-46.1714,68.32,83,40,1.97
1,Coihaique,AU,2022-01-19 22:18:28,-42.8794,147.3294,63.1,77,75,3.0
2,Coihaique,CL,2022-01-19 22:18:28,-53.15,-70.9167,53.11,50,15,3.94
3,Coihaique,US,2022-01-19 22:18:28,36.6177,-121.9166,66.31,73,0,3.0
4,Coihaique,BR,2022-01-19 22:18:29,-2.5364,-57.76,81.09,78,97,2.24
5,Coihaique,CL,2022-01-19 22:18:30,-20.2208,-70.1431,69.84,77,9,9.78
6,Coihaique,NZ,2022-01-19 22:18:30,-46.1927,168.8643,52.48,96,99,7.47
7,Coihaique,AU,2022-01-19 22:18:30,-38.2667,141.9667,65.57,60,0,14.18
8,Coihaique,US,2022-01-19 22:16:01,37.2153,-93.2982,30.52,60,100,8.99
9,Coihaique,US,2022-01-19 22:18:24,42.6001,-73.9662,41.81,69,90,4.61
10,Coihaique,AU,2022-01-19 22:18:31,-28.65,153.6167,71.87,91,100,18.99
11,Coihaique,ZA,2022-01-19 22:18:31,-33.5906,26.891,69.67,82,19,13.73
12,Coihaique,PF,2022-01-19 22:18:32,-23.1203,-134.9692,74.39,76,100,4.97
13,Coihaique,PG,2022-01-19 22:18:32,-3.6667,152.4333,79.0,87,100,15.97
14,Coihaique,TL,2022-01-19 22:18:33,-8.9266,125.4092,60.69,97,100,1.12
15,Coihaique,AU,2022-01-19 22:18:33,-13.8483,136.4192,84.4,72,100,8.46
16,Coihaique,CL,2022-01-19 22:18:33,-41.4698,-72.9447,70.63,56,20,13.8
17,Coihaique,RU,2022-01-19 22:18:34,64.5667,143.2,-32.22,85,7,3.24
18,Coihaique,KZ,2022-01-19 22:18:34,47.4667,84.8667,16.09,89,98,3.83
19,Coihaique,IS,2022-01-19 22:18:34,64.2539,-15.2082,26.44,62,60,7.87
20,Coihaique,MX,2022-01-19 22:14:54,16.8634,-99.8901,85.82,66,75,4.61
21,Coihaique,US,2022-01-19 22:18:35,22.0752,-159.319,79.12,72,75,1.99
22,Coihaique,CK,2022-01-19 22:15:17,-21.2078,-159.775,78.85,89,75,16.11
23,Coihaique,IN,2022-01-19 22:14:00,10.5669,72.642,80.69,67,37,9.82
24,Coihaique,PE,2022-01-19 22:18:36,-10.0681,-78.1522,75.22,77,30,10.47
25,Coihaique,MZ,2022-01-19 22:18:36,-14.5428,40.6728,74.23,93,100,5.91
26,Coihaique,GL,2022-01-19 22:18:36,69.2167,-51.1,37.42,56,100,4.61
27,Coihaique,RU,2022-01-19 22:18:37,63.1906,64.4162,11.55,88,11,8.34
28,Coihaique,NZ,2022-01-19 22:18:37,-46.6,168.3333,52.81,66,97,20.09
29,Coihaique,SB,2022-01-19 22:18:37,-10.4544,161.9205,84.65,71,31,0.96
30,Coihaique,BW,2022-01-19 22:18:38,-24.6,26.4333,72.46,61,41,8.95
31,Coihaique,AU,2022-01-19 22:14:40,-28.7667,114.6,79.12,25,0,11.5
32,Coihaique,RU,2022-01-19 22:18:38,58.8353,125.4869,-22.32,96,97,2.01
33,Coihaique,BR,2022-01-19 22:18:39,-22.9661,-42.0278,76.96,94,20,11.5
34,Coihaique,FO,2022-01-19 22:18:39,62.2266,-6.589,31.12,55,100,24.67
35,Coihaique,GL,2022-01-19 22:18:39,60.1432,-45.2371,34.47,92,100,21.3
36,Coihaique,RU,2022-01-19 22:18:40,71.9667,102.5,-7.37,98,100,9.04
37,Coihaique,CA,2022-01-19 22:18:40,69.4541,-133.0374,-22.0,76,75,8.05
38,Coihaique,US,2022-01-19 22:18:21,41.3712,-73.414,44.49,72,51,7.56
39,Coihaique,US,2022-01-19 22:18:41,37.2711,-87.1764,41.99,92,100,5.01
40,Coihaique,NC,2022-01-19 22:18:41,-20.2333,164.0167,80.91,73,30,6.85
41,Coihaique,RS,2022-01-19 22:18:42,45.3919,19.2367,32.31,77,5,5.68
42,Coihaique,NI,2022-01-19 22:18:42,14.0351,-83.3888,82.36,83,75,9.22
43,Coihaique,MX,2022-01-19 22:18:42,19.9333,-105.25,84.02,45,93,8.59
44,Coihaique,RU,2022-01-19 22:18:43,62.1444,117.6319,-12.41,99,73,4.38
45,Coihaique,US,2022-01-19 22:18:43,32.3502,-85.1999,63.68,55,0,8.05
46,Coihaique,US,2022-01-19 22:19:44,19.7297,-155.09,80.33,66,40,4.61
47,Coihaique,ID,2022-01-19 22:19:44,-3.8004,102.2655,74.28,88,100,6.82
48,Coihaique,US,2022-01-19 22:17:08,42.097,-79.2353,39.29,60,100,4.0
49,Coihaique,GL,2022-01-19 22:15:16,77.484,-69.3632,-9.11,67,0,6.46
50,Coihaique,AU,2022-01-19 22:19:45,-33.8667,121.9,60.13,80,0,11.21
51,Coihaique,GB,2022-01-19 22:19:45,51.8892,0.9042,40.73,86,15,10.71
52,Coihaique,NC,2022-01-19 22:19:46,-21.55,167.8833,81.97,75,40,13.53
53,Coihaique,RU,2022-01-19 22:19:46,70.6333,147.9167,-32.03,96,73,4.94
54,Coihaique,KI,2022-01-19 22:19:46,3.0707,172.7902,81.95,78,100,16.62
55,Coihaique,ID,2022-01-19 22:19:47,-4.9408,122.5276,75.63,91,100,7.09
56,Coihaique,US,2022-01-19 22:19:47,34.6391,-120.4579,72.1,71,0,14.97
57,Coihaique,SO,2022-01-19 22:19:48,8.4054,48.4845,68.92,80,53,11.59
58,Coihaique,CD,2022-01-19 22:19:48,-6.4667,16.8167,69.58,96,52,0.76
59,Coihaique,AU,2022-01-19 22:19:48,-27.5833,153.3,76.17,97,100,7.0
60,Coihaique,ID,2022-01-19 22:19:49,0.8,127.4,79.59,83,100,5.86
61,Coihaique,BR,2022-01-19 22:19:49,-20.3297,-40.2925,80.55,85,40,4.0
62,Coihaique,GE,2022-01-19 22:19:50,41.9895,45.0239,25.16,92,100,3.58
63,Coihaique,ZA,2022-01-19 22:19:50,-29.6643,17.8865,77.65,26,0,3.15
64,Coihaique,RU,2022-01-19 22:19:50,62.6683,131.1683,-41.35,99,48,3.53
65,Coihaique,TM,2022-01-19 22:19:51,41.8363,59.9666,26.71,100,100,11.5
66,Coihaique,RU,2022-01-19 22:19:51,61.9449,76.6625,11.68,95,100,9.78
67,Coihaique,AU,2022-01-19 22:19:52,-33.65,115.3333,70.09,69,20,10.94
68,Coihaique,TO,2022-01-19 22:19:52,-21.2,-175.2,81.82,82,5,19.1
69,Coihaique,AR,2022-01-19 22:18:32,-54.8,-68.3,55.06,54,0,17.27
70,Coihaique,CV,2022-01-19 22:19:53,14.8961,-24.4956,73.42,77,38,7.92
71,Coihaique,BR,2022-01-19 22:19:53,-19.3911,-40.0722,75.74,85,48,4.79
72,Coihaique,JP,2022-01-19 22:19:54,26.5881,127.9761,59.16,65,1,8.46
73,Coihaique,AU,2022-01-19 22:19:54,-42.7826,147.0587,62.74,68,100,1.01
74,Coihaique,ZA,2022-01-19 22:19:54,-34.4187,19.2345,65.8,72,28,8.99
75,Coihaique,RU,2022-01-19 22:19:55,69.7008,170.3133,-37.98,97,38,4.47
76,Coihaique,ZA,2022-01-19 22:19:55,-34.0033,24.7314,62.89,78,6,5.19
77,Coihaique,NZ,2022-01-19 22:19:56,-46.1333,167.6833,52.83,79,100,12.82
78,Coihaique,RU,2022-01-19 22:19:56,45.4375,40.5756,23.05,97,92,6.44
79,Coihaique,US,2022-01-19 22:19:57,41.7057,-70.2286,46.18,83,0,17.0
80,Coihaique,ET,2022-01-19 22:19:57,5.8833,38.9833,59.45,57,100,2.73
81,Coihaique,MX,2022-01-19 22:19:13,20.5083,-86.9458,77.95,78,75,3.0
82,Coihaique,NZ,2022-01-19 22:19:57,-46.2817,169.8464,55.92,69,98,12.06
83,Coihaique,MU,2022-01-19 22:19:58,-20.4081,57.7,80.26,89,40,6.91
84,Coihaique,PG,2022-01-19 22:19:58,-2.6741,141.3028,78.17,87,100,7.83
85,Coihaique,PH,2022-01-19 22:19:59,6.3711,126.1689,80.19,79,100,11.54
86,Coihaique,CO,2022-01-19 22:19:59,4.7478,-72.5369,94.14,30,96,8.28
87,Coihaique,GL,2022-01-19 22:19:59,65.6145,-37.6368,30.36,93,100,10.09
88,Coihaique,MR,2022-01-19 22:20:00,18.0858,-15.9785,73.33,31,50,7.16
89,Coihaique,CA,2022-01-19 22:19:27,62.456,-114.3525,-11.58,86,40,13.8
90,Coihaique,CA,2022-01-19 22:20:52,55.7435,-97.8558,-12.84,70,0,8.05
91,Coihaique,ZA,2022-01-19 22:21:01,-33.918,25.5701,66.49,88,0,5.75
92,Coihaique,ZA,2022-01-19 22:16:36,-33.0153,27.9116,71.53,77,16,12.71
93,Coihaique,CN,2022-01-19 22:21:01,26.5833,106.7167,48.69,81,100,8.95
94,Coihaique,ZA,2022-01-19 22:21:01,-33.9258,18.4232,65.26,77,0,1.99
95,Coihaique,CN,2022-01-19 22:21:02,30.9866,103.9393,46.87,65,100,1.5
96,Coihaique,JP,2022-01-19 22:21:02,34.9833,139.8667,35.62,65,48,9.06
97,Coihaique,PG,2022-01-19 22:21:02,-6.2167,149.55,77.83,87,100,2.39
98,Coihaique,CR,2022-01-19 22:21:03,9.8383,-83.8656,76.06,64,38,6.42
99,Coihaique,NA,2022-01-19 22:21:03,-26.6481,15.1594,72.9,69,60,9.48
100,Coihaique,BR,2022-01-19 22:21:03,-24.7911,-50.0119,70.09,85,38,2.59
101,Coihaique,CA,2022-01-19 22:21:04,48.3835,-77.2328,7.02,94,100,9.8
102,Coihaique,JP,2022-01-19 22:21:04,43.3236,145.575,23.18,70,43,14.76
103,Coihaique,AU,2022-01-19 22:19:52,-17.0,145.4333,80.47,81,72,1.5
104,Coihaique,PT,2022-01-19 22:21:05,37.7167,-25.4333,61.21,85,89,23.91
105,Coihaique,MU,2022-01-19 22:21:05,-20.3428,57.7575,80.22,89,40,6.91
106,Coihaique,VU,2022-01-19 22:21:05,-16.0999,167.4164,83.95,73,80,3.74
107,Coihaique,CO,2022-01-19 22:21:05,4.488,-73.8975,72.36,84,98,5.19
108,Coihaique,ES,2022-01-19 22:21:06,27.9117,-15.5407,61.77,42,0,4.61
109,Coihaique,US,2022-01-19 22:16:46,41.1415,-73.3579,46.26,69,0,1.01
110,Coihaique,RU,2022-01-19 22:18:36,66.4167,112.4,-2.56,76,98,8.41
111,Coihaique,NZ,2022-01-19 22:21:06,-41.4122,175.5153,57.45,91,100,11.48
112,Coihaique,IN,2022-01-19 22:21:07,31.7167,76.9167,46.29,81,99,1.99
113,Coihaique,PF,2022-01-19 22:21:07,-16.4833,-151.75,80.69,76,100,23.29
114,Coihaique,NO,2022-01-19 22:21:07,65.5333,13.4063,31.46,91,98,17.4
115,Coihaique,MM,2022-01-19 22:21:08,22.9333,97.75,47.84,98,1,2.1
116,Coihaique,US,2022-01-19 22:21:08,34.6182,-79.0086,59.38,58,16,6.76
117,Coihaique,GB,2022-01-19 22:21:08,57.4667,-1.7833,38.39,69,79,30.27
118,Coihaique,PT,2022-01-19 22:21:09,38.5167,-28.7,62.82,82,34,18.97
119,Coihaique,US,2022-01-19 22:21:09,39.1834,-84.5333,47.64,61,40,8.05
120,Coihaique,US,2022-01-19 22:18:29,57.79,-152.4072,36.91,81,100,11.5
121,Coihaique,BR,2022-01-19 22:21:02,-9.8756,-56.0861,75.36,90,90,3.0
122,Coihaique,US,2022-01-19 22:21:09,71.2906,-156.7887,-20.18,76,40,5.75
123,Coihaique,RU,2022-01-19 22:21:10,61.95,159.2333,-0.15,64,1,9.01
124,Coihaique,US,2022-01-19 22:21:10,42.2506,-75.833,42.66,68,0,3.0
125,Coihaique,MX,2022-01-19 22:20:56,22.8909,-109.9124,83.61,50,75,3.0
126,Coihaique,AL,2022-01-19 22:21:10,40.3378,20.6789,28.45,57,0,2.77
127,Coihaique,PH,2022-01-19 22:21:11,5.5,120.8833,79.84,81,99,3.51
128,Coihaique,MV,2022-01-19 22:21:11,-0.6,73.0833,81.01,76,90,9.19
129,Coihaique,RU,2022-01-19 22:21:11,73.5069,80.5464,-20.11,99,69,7.52
130,Coihaique,NC,2022-01-19 22:21:12,-22.2763,166.4572,85.98,99,39,11.81
131,Coihaique,JP,2022-01-19 22:21:12,24.8,125.2833,64.26,67,75,13.8
132,Coihaique,AU,2022-01-19 22:21:12,-24.8667,113.6333,75.27,94,8,8.05
133,Coihaique,MZ,2022-01-19 22:21:13,-25.9653,32.5892,77.23,78,75,1.01
134,Coihaique,JP,2022-01-19 22:21:13,37.4833,141.0,27.14,69,75,2.59
135,Coihaique,RU,2022-01-19 22:21:13,55.2706,31.515,30.31,95,100,10.63
136,Coihaique,AR,2022-01-19 22:17:53,-38.0023,-57.5575,72.0,83,75,15.01
137,Coihaique,BS,2022-01-19 22:22:14,26.5412,-77.0636,72.77,54,61,10.89
138,Coihaique,IN,2022-01-19 22:22:14,11.6667,92.75,76.17,78,5,4.61
139,Coihaique,UY,2022-01-19 22:22:14,-33.6971,-53.4616,77.79,81,30,8.28
140,Coihaique,JP,2022-01-19 22:22:15,32.1906,130.0228,46.17,63,98,25.26
141,Coihaique,RU,2022-01-19 22:22:15,71.6872,128.8694,1.35,73,100,21.63
142,Coihaique,GF,2022-01-19 22:22:16,5.6592,-53.7767,75.42,91,98,12.48
143,Coihaique,BR,2022-01-19 22:22:16,-15.6178,-46.4233,75.94,73,100,3.76
144,Coihaique,CA,2022-01-19 22:22:16,51.226,-58.6502,-3.98,78,19,13.42
145,Coihaique,RU,2022-01-19 22:22:17,64.3833,-173.3,-3.89,71,0,6.71
146,Coihaique,RU,2022-01-19 22:22:17,68.0531,39.5131,33.71,97,100,12.57
147,Coihaique,NE,2022-01-19 22:22:18,18.6853,12.9164,55.89,29,0,5.32
148,Coihaique,ES,2022-01-19 22:22:18,43.6702,-7.4101,45.97,80,2,5.01
149,Coihaique,AZ,2022-01-19 22:22:18,38.7726,48.4128,29.12,58,3,6.73
150,Coihaique,BW,2022-01-19 22:22:19,-19.6667,22.2667,73.56,66,50,4.21
151,Coihaique,RU,2022-01-19 22:22:19,59.7035,30.7861,37.87,91,100,10.89
152,Coihaique,NO,2022-01-19 22:22:19,70.6634,23.6821,32.45,69,20,28.77
153,Coihaique,CA,2022-01-19 22:22:20,66.1451,-65.7125,-16.6,76,75,2.3
154,Coihaique,NO,2022-01-19 22:22:20,71.0357,27.8492,30.11,64,93,25.97
155,Coihaique,MY,2022-01-19 22:22:20,5.4112,100.3354,79.9,81,20,2.3
156,Coihaique,US,2022-01-19 22:18:34,39.0993,-76.8483,53.53,46,0,1.01
157,Coihaique,RU,2022-01-19 22:22:21,68.75,161.3,-42.68,99,35,3.58
158,Coihaique,MU,2022-01-19 22:22:21,-20.0064,57.6608,80.38,87,100,1.01
159,Coihaique,RU,2022-01-19 22:21:15,65.8167,87.9833,12.11,95,100,13.47
160,Coihaique,CN,2022-01-19 22:22:21,29.9576,122.298,47.35,72,93,12.66
161,Coihaique,MU,2022-01-19 22:22:22,-20.5167,57.5167,80.37,89,40,6.91
162,Coihaique,GL,2022-01-19 22:22:22,72.7868,-56.1549,18.73,71,100,8.37
163,Coihaique,BR,2022-01-19 22:22:06,-5.1989,-35.4608,81.5,72,43,13.62
164,Coihaique,SD,2022-01-19 22:22:23,16.1525,36.2032,64.89,15,2,15.43
165,Coihaique,RU,2022-01-19 22:22:23,59.8518,48.2783,3.65,96,98,9.04
166,Coihaique,BR,2022-01-19 22:22:23,-2.8731,-67.8022,79.21,94,100,1.74
167,Coihaique,PW,2022-01-19 22:22:24,7.0419,134.2556,79.3,74,75,14.83
168,Coihaique,TD,2022-01-19 22:22:24,12.1844,18.693,64.42,22,0,8.23
169,Coihaique,US,2022-01-19 22:21:20,42.6389,-83.2911,28.98,71,100,19.57
170,Coihaique,NZ,2022-01-19 22:18:47,-43.5333,172.6333,59.2,67,75,8.99
171,Coihaique,CV,2022-01-19 22:22:25,14.9215,-23.5087,72.14,78,20,11.5
172,Coihaique,EC,2022-01-19 22:22:25,-0.7393,-90.3518,80.56,79,100,8.5
173,Coihaique,CN,2022-01-19 22:22:26,28.6833,115.8833,47.82,78,59,5.97
174,Coihaique,HK,2022-01-19 22:17:51,22.2855,114.1577,59.38,82,36,1.99
175,Coihaique,BR,2022-01-19 22:22:26,-8.8978,-35.1478,79.43,74,0,7.61
176,Coihaique,MX,2022-01-19 22:22:27,19.2167,-98.8083,69.03,39,46,3.69
177,Coihaique,RU,2022-01-19 22:22:27,71.9167,114.0833,-13.27,94,80,10.04
178,Coihaique,AR,2022-01-19 22:22:11,-31.6333,-60.7,88.02,62,30,1.99
179,Coihaique,PH,2022-01-19 22:22:27,12.3134,122.0853,76.51,85,88,7.11
180,Coihaique,US,2022-01-19 22:19:26,42.587,-82.9199,30.31,67,100,1.99
181,Coihaique,AU,2022-01-19 22:22:28,-37.8333,140.7667,65.55,57,0,8.79
182,Coihaique,ID,2022-01-19 22:22:28,5.8933,95.3214,79.83,76,93,9.42
183,Coihaique,AW,2022-01-19 22:23:29,12.524,-70.027,80.55,74,40,21.85
184,Coihaique,NZ,2022-01-19 22:23:29,-45.4167,167.7167,48.27,81,98,1.74
185,Coihaique,CL,2022-01-19 22:23:29,-41.8697,-73.8203,69.33,68,42,9.42
186,Coihaique,PF,2022-01-19 22:23:30,-16.7,-151.0167,80.55,78,100,22.26
187,Coihaique,AU,2022-01-19 22:23:30,-20.7833,117.1333,83.01,51,6,6.51
188,Coihaique,PF,2022-01-19 22:23:31,-9.8,-139.0333,78.76,74,7,18.3
189,Coihaique,AU,2022-01-19 22:23:31,-32.95,151.6667,73.81,71,72,14.0
190,Coihaique,US,2022-01-19 22:23:31,28.7091,-100.4995,83.25,21,20,16.11
191,Coihaique,MX,2022-01-19 22:22:10,27.9769,-114.0611,64.72,69,80,15.26
192,Coihaique,RU,2022-01-19 22:23:32,57.0436,34.9622,30.67,94,100,11.65
193,Coihaique,RE,2022-01-19 22:23:33,-21.3585,55.7679,76.59,83,67,0.98
194,Coihaique,PH,2022-01-19 22:23:33,17.0818,122.4157,73.76,86,100,7.9
195,Coihaique,CA,2022-01-19 22:23:33,68.2191,-135.0107,-11.2,77,75,6.91
196,Coihaique,ZA,2022-01-19 22:23:34,-34.5322,20.0403,65.28,88,43,3.44
197,Coihaique,BR,2022-01-19 22:23:34,-32.035,-52.0986,84.94,83,47,12.28
198,Coihaique,PE,2022-01-19 22:23:35,-6.8367,-79.9342,77.29,65,0,26.46
199,Coihaique,ML,2022-01-19 22:23:35,18.9048,-3.5265,64.08,13,2,9.82
200,Coihaique,RU,2022-01-19 22:23:35,48.1,136.1,-12.06,99,94,2.95
201,Coihaique,CN,2022-01-19 22:22:21,25.2819,110.2864,44.71,86,98,2.95
202,Coihaique,PE,2022-01-19 22:21:05,-12.0432,-77.0282,78.39,78,0,3.0
203,Coihaique,TO,2022-01-19 22:23:36,-19.8,-174.35,82.42,81,13,18.54
204,Coihaique,AO,2022-01-19 22:23:36,-10.7073,22.2247,62.29,96,95,1.97
205,Coihaique,AU,2022-01-19 22:23:37,-31.95,141.4333,69.51,68,40,14.97
206,Coihaique,PH,2022-01-19 22:23:37,12.1791,125.5072,77.5,87,90,10.96
207,Coihaique,TR,2022-01-19 22:23:37,36.9761,38.425,28.6,70,89,8.72
208,Coihaique,PF,2022-01-19 22:23:38,-16.5167,-151.75,80.67,76,100,23.24
209,Coihaique,JP,2022-01-19 22:23:38,35.1333,140.3,35.71,79,88,3.85
210,Coihaique,RU,2022-01-19 22:23:38,53.1873,158.3805,28.54,54,75,11.18
211,Coihaique,FO,2022-01-19 22:23:39,62.1564,-7.1664,29.32,64,75,14.97
212,Coihaique,LK,2022-01-19 22:23:39,8.5711,81.2335,78.1,67,51,9.51
213,Coihaique,TC,2022-01-19 22:23:39,21.4612,-71.1419,78.76,73,75,13.8
214,Coihaique,TD,2022-01-19 22:23:40,13.4667,22.2,58.64,24,0,18.34
215,Coihaique,RU,2022-01-19 22:23:40,56.1481,113.4267,-6.23,81,97,1.66
216,Coihaique,IT,2022-01-19 22:23:40,38.1711,13.2393,53.2,75,20,10.36
217,Coihaique,BW,2022-01-19 22:23:41,-22.3833,26.7167,75.45,42,80,13.51
218,Coihaique,PT,2022-01-19 22:23:41,32.6667,-17.1,65.71,75,99,18.75
219,Coihaique,NZ,2022-01-19 22:23:41,-35.1667,173.1667,70.95,66,100,8.97
220,Coihaique,ID,2022-01-19 22:23:42,-8.1181,111.8935,74.12,91,100,3.38
221,Coihaique,RU,2022-01-19 22:23:42,66.0317,60.1659,15.08,78,71,21.81
222,Coihaique,RU,2022-01-19 22:23:42,63.0128,112.4714,-4.36,97,100,5.86
223,Coihaique,EC,2022-01-19 22:23:42,-0.95,-80.7333,82.18,74,75,8.05
224,Coihaique,PE,2022-01-19 22:23:43,-12.1167,-73.0,77.2,84,100,0.98
225,Coihaique,RU,2022-01-19 22:23:43,55.9575,92.5519,-7.78,99,65,3.78
226,Coihaique,RU,2022-01-19 22:23:43,61.67,96.37,10.74,96,100,4.29
227,Coihaique,NG,2022-01-19 22:23:44,5.5167,5.75,77.38,41,77,5.21
228,Coihaique,PA,2022-01-19 22:24:44,9.55,-79.65,82.85,81,39,15.82
229,Coihaique,AR,2022-01-19 22:24:45,-38.8759,-62.0736,69.46,87,100,13.06
230,Coihaique,AU,2022-01-19 22:24:45,-28.8667,153.5667,71.78,96,75,8.05
231,Coihaique,AR,2022-01-19 22:24:45,-29.15,-59.65,95.58,39,44,12.82
232,Coihaique,CI,2022-01-19 22:24:46,8.2833,-7.6833,73.76,16,2,2.57
233,Coihaique,RU,2022-01-19 22:23:58,50.6789,156.125,28.89,86,100,8.77
234,Coihaique,US,2022-01-19 22:20:25,29.7633,-95.3633,78.94,71,75,7.0
235,Coihaique,TH,2022-01-19 22:24:46,15.2085,101.7714,74.07,75,48,4.94
236,Coihaique,IT,2022-01-19 22:24:47,46.1706,12.7078,37.74,90,100,0.98
237,Coihaique,CN,2022-01-19 22:24:47,47.8667,88.1167,18.43,80,100,3.4
238,Coihaique,MX,2022-01-19 22:24:47,25.5333,-103.25,77.11,21,40,0.0
239,Coihaique,ES,2022-01-19 22:24:47,28.6585,-17.9182,64.15,51,0,1.01
240,Coihaique,GL,2022-01-19 22:24:48,68.7098,-52.8699,31.44,89,100,3.44
241,Coihaique,CL,2022-01-19 22:24:48,-35.3333,-72.4167,62.01,60,0,17.58
242,Coihaique,AR,2022-01-19 22:23:12,-41.1456,-71.3082,62.35,51,40,6.91
243,Coihaique,CN,2022-01-19 22:24:48,39.0286,121.695,12.24,52,0,8.95
244,Coihaique,US,2022-01-19 22:24:49,38.421,-121.4238,67.01,59,0,1.01
245,Coihaique,CN,2022-01-19 22:24:49,33.4333,115.0333,31.37,77,23,11.16
246,Coihaique,MG,2022-01-19 22:24:49,-13.2,49.05,74.97,93,100,5.35
247,Coihaique,NP,2022-01-19 22:20:27,28.2333,83.9833,52.3,62,99,4.09
248,Coihaique,CL,2022-01-19 22:24:50,-37.6167,-73.65,60.08,66,0,10.42
249,Coihaique,CD,2022-01-19 22:24:50,2.7858,24.73,71.49,84,74,2.08
250,Coihaique,CV,2022-01-19 22:24:51,14.9215,-23.5087,72.14,78,20,11.5
251,Coihaique,NA,2022-01-19 22:24:51,-22.9575,14.5053,69.1,94,99,10.36
252,Coihaique,GL,2022-01-19 22:24:51,64.1835,-51.7216,35.89,95,99,41.29
253,Coihaique,AR,2022-01-19 22:24:52,-38.5473,-58.7368,70.03,72,77,18.81
254,Coihaique,GB,2022-01-19 22:24:52,55.4627,-4.6339,42.1,74,8,14.34
255,Coihaique,LT,2022-01-19 22:24:52,54.4,23.2333,33.46,88,100,18.39
256,Coihaique,ML,2022-01-19 22:24:53,16.6362,1.637,60.58,19,0,11.56
257,Coihaique,MZ,2022-01-19 22:24:53,-23.865,35.3833,74.26,74,18,10.71
258,Coihaique,RU,2022-01-19 22:24:53,53.7377,78.0403,-4.16,100,77,5.28
259,Coihaique,UY,2022-01-19 22:24:54,-34.4833,-54.3333,71.76,91,98,10.33
260,Coihaique,US,2022-01-19 22:24:54,39.447,-86.1758,36.46,70,100,14.23
261,Coihaique,BR,2022-01-19 22:24:54,-30.1811,-50.2056,78.35,88,11,16.28
262,Coihaique,MX,2022-01-19 22:24:55,15.85,-97.0667,83.23,65,0,6.91
263,Coihaique,LR,2022-01-19 22:24:55,6.3005,-10.7969,76.77,79,69,8.63
264,Coihaique,CA,2022-01-19 22:24:56,47.3821,-61.8597,15.85,92,100,12.66
265,Coihaique,PT,2022-01-19 22:24:56,39.05,-27.9833,61.39,86,54,31.16
266,Coihaique,EC,2022-01-19 22:24:57,-0.9,-89.6,74.39,83,95,8.25
267,Coihaique,BR,2022-01-19 22:23:40,-23.8486,-50.1878,73.45,76,2,1.3
268,Coihaique,BR,2022-01-19 22:24:57,-6.9811,-34.8339,79.47,70,0,11.59
269,Coihaique,GF,2022-01-19 22:24:57,4.9333,-52.3333,79.09,85,100,4.61
270,Coihaique,CA,2022-01-19 22:24:58,63.7506,-68.5145,-18.67,76,75,0.0
271,Coihaique,CA,2022-01-19 22:24:58,65.282,-126.8329,-23.76,76,75,5.75
272,Coihaique,US,2022-01-19 22:19:58,39.7555,-105.2211,38.97,100,100,3.44
273,Coihaique,AU,2022-01-19 22:24:58,-20.3167,118.5667,78.85,73,4,6.91
274,Coihaique,RU,2022-01-19 22:23:14,53.0452,158.6483,27.19,54,75,11.18
275,Coihaique,SL,2022-01-19 22:24:59,9.0167,-10.6,72.93,17,19,5.26
276,Coihaique,IR,2022-01-19 22:25:59,35.5729,53.3971,28.24,43,0,4.61
277,Coihaique,MA,2022-01-19 22:26:00,29.5833,-9.5,55.04,39,90,5.41
278,Coihaique,AU,2022-01-19 22:26:00,-14.4667,132.2667,79.12,89,96,5.75
279,Coihaique,GW,2022-01-19 22:26:00,11.2833,-15.8333,79.2,78,14,16.51
280,Coihaique,RU,2022-01-19 22:26:01,66.8333,70.8333,-7.71,98,69,8.88
281,Coihaique,GF,2022-01-19 22:26:01,3.1655,-52.3158,73.08,98,73,4.29
282,Coihaique,ZA,2022-01-19 22:26:01,-33.0117,17.9442,59.05,78,6,10.8
283,Coihaique,AO,2022-01-19 22:23:32,-8.8368,13.2343,74.7,80,76,11.21
284,Coihaique,CN,2022-01-19 22:26:02,42.8,93.45,25.95,42,99,3.2
285,Coihaique,AF,2022-01-19 22:26:02,37.04,66.7889,35.69,67,3,11.34
286,Coihaique,NO,2022-01-19 22:26:02,69.6496,18.957,33.82,60,75,8.99
287,Coihaique,ZA,2022-01-19 22:26:03,-28.783,32.0377,72.75,89,97,4.09
288,Coihaique,TR,2022-01-19 22:26:03,38.1361,39.4493,27.09,92,100,6.04
289,Coihaique,LY,2022-01-19 22:26:03,32.5341,20.5791,53.78,68,95,7.81
290,Coihaique,CN,2022-01-19 22:26:04,36.9758,120.7136,19.71,61,2,5.1
291,Coihaique,KI,2022-01-19 22:26:04,1.3292,172.9752,84.2,74,40,13.8
292,Coihaique,NA,2022-01-19 22:26:05,-17.9333,19.7667,65.98,94,93,4.29
293,Coihaique,AR,2022-01-19 22:26:05,-39.0333,-67.5833,70.2,78,100,15.03
294,Coihaique,CA,2022-01-19 22:26:05,47.6666,-52.7314,26.76,72,75,33.38
295,Coihaique,CA,2022-01-19 22:26:06,70.4692,-68.5914,7.03,92,100,43.73
296,Coihaique,CN,2022-01-19 22:26:06,26.1903,107.5125,44.22,90,100,1.45
297,Coihaique,CN,2022-01-19 22:26:06,22.2769,113.5678,59.11,72,0,11.5
298,Coihaique,RU,2022-01-19 22:26:07,70.0167,135.6,-38.88,99,95,6.49
299,Coihaique,US,2022-01-19 22:26:07,41.0037,-80.347,43.93,72,100,4.61
300,Coihaique,PG,2022-01-19 22:26:07,-2.5744,150.7967,80.33,84,100,15.43
301,Coihaique,RU,2022-01-19 22:26:07,58.1286,68.5944,16.79,96,100,6.46
302,Coihaique,IN,2022-01-19 22:26:08,31.5167,77.8,34.05,79,99,4.59
303,Coihaique,AU,2022-01-19 22:26:08,-34.5833,150.8552,70.21,70,75,7.0
304,Coihaique,IE,2022-01-19 22:25:08,52.1624,-7.1524,43.74,77,7,5.01
305,Coihaique,NU,2022-01-19 22:26:09,-19.0595,-169.9187,84.09,74,75,17.27
306,Coihaique,NZ,2022-01-19 22:26:09,-35.1,173.7833,76.32,65,100,6.78
307,Coihaique,VE,2022-01-19 22:26:10,7.7669,-72.225,75.38,56,74,4.81
308,Coihaique,GB,2022-01-19 22:26:10,60.0,-1.25,33.62,69,75,23.02
309,Coihaique,RU,2022-01-19 22:26:10,69.4865,88.3972,-2.79,97,100,6.29
310,Coihaique,SO,2022-01-19 22:26:11,2.0371,45.3438,78.06,83,39,17.54
311,Coihaique,AR,2022-01-19 22:26:11,-38.7196,-62.2724,69.96,82,100,7.14
312,Coihaique,CA,2022-01-19 22:21:58,44.6453,-63.5724,33.85,76,100,6.91
313,Coihaique,AR,2022-01-19 22:26:12,-34.6177,-68.3301,77.63,30,3,9.42
314,Coihaique,BR,2022-01-19 22:26:12,-27.6146,-48.5012,81.43,80,75,1.01
315,Coihaique,RU,2022-01-19 22:26:12,57.1111,51.6149,13.41,97,97,4.94
316,Coihaique,AU,2022-01-19 22:26:13,-14.25,129.55,79.14,88,100,3.94
317,Coihaique,AU,2022-01-19 22:26:13,-35.35,149.2333,62.19,74,100,12.66
318,Coihaique,US,2022-01-19 22:26:13,40.5982,-124.1573,62.19,85,0,3.0
319,Coihaique,MU,2022-01-19 22:26:14,-20.2078,57.7625,80.1,81,100,10.76
320,Coihaique,VU,2022-01-19 22:26:14,-19.55,169.2667,82.6,81,88,14.07
321,Coihaique,CN,2022-01-19 22:26:14,29.0361,114.5636,44.96,92,46,2.84
322,Coihaique,TZ,2022-01-19 22:27:15,-5.4167,38.0167,67.64,91,100,1.66
323,Coihaique,CA,2022-01-19 22:27:15,54.3161,-130.3201,44.29,86,100,20.71
324,Coihaique,US,2022-01-19 22:27:15,37.9333,-121.3011,67.15,58,0,6.91
325,Coihaique,RU,2022-01-19 22:27:16,69.3833,178.4167,-34.46,98,38,4.68
326,Coihaique,PE,2022-01-19 22:27:16,-13.7,-76.2167,77.05,65,0,23.02
327,Coihaique,RU,2022-01-19 22:27:16,59.7775,30.8181,38.03,92,100,11.16
328,Coihaique,KZ,2022-01-19 22:27:17,43.5983,73.7614,35.22,97,100,7.11
329,Coihaique,CA,2022-01-19 22:27:17,47.6167,-57.6152,20.97,73,86,23.94
330,Coihaique,MX,2022-01-19 22:27:18,18.7333,-103.6833,87.28,46,78,6.44
331,Coihaique,GA,2022-01-19 22:27:18,-3.432,10.6554,77.05,87,99,1.32
332,Coihaique,BR,2022-01-19 22:25:00,-22.2211,-54.8056,82.9,49,74,7.81
333,Coihaique,TW,2022-01-19 22:27:18,24.757,121.753,64.36,99,100,8.66
334,Coihaique,PT,2022-01-19 22:27:19,33.0833,-16.3333,62.02,72,20,19.57
335,Coihaique,LR,2022-01-19 22:27:19,4.375,-7.7169,79.41,82,11,8.05
336,Coihaique,PG,2022-01-19 22:27:19,-2.0226,147.2712,82.33,79,93,13.35
337,Coihaique,CN,2022-01-19 22:27:20,27.1172,114.9793,47.46,86,45,3.42
338,Coihaique,RU,2022-01-19 22:27:20,59.5667,150.8,-1.89,64,5,8.39
339,Coihaique,BR,2022-01-19 22:25:34,-21.6403,-41.0511,77.0,89,3,11.9
340,Coihaique,IN,2022-01-19 22:27:20,27.6333,93.8333,31.78,74,5,3.02
341,Coihaique,OM,2022-01-19 22:27:21,22.6906,58.5334,68.77,74,6,1.54
342,Coihaique,CA,2022-01-19 22:27:21,53.5835,-116.4356,-0.26,78,0,2.3
343,Coihaique,SN,2022-01-19 22:27:21,12.485,-16.5469,75.38,54,30,4.7
344,Coihaique,CA,2022-01-19 22:27:22,55.7666,-120.2362,-7.64,87,100,2.93
345,Coihaique,ZA,2022-01-19 22:27:22,-24.5917,27.4116,66.2,71,37,4.99
346,Coihaique,US,2022-01-19 22:27:22,21.4447,-157.8378,81.86,65,20,5.99
347,Coihaique,SJ,2022-01-19 22:27:23,78.2186,15.6401,15.64,79,100,8.05
348,Coihaique,ZA,2022-01-19 22:27:23,-30.6937,26.7114,65.84,69,1,5.12
349,Coihaique,GB,2022-01-19 22:27:23,51.0333,-4.2167,45.61,82,12,15.68
350,Coihaique,AO,2022-01-19 22:27:24,-15.1961,12.1522,69.94,85,43,6.11
351,Coihaique,NC,2022-01-19 22:27:24,-22.6667,167.4833,78.1,77,17,15.99
352,Coihaique,SA,2022-01-19 22:27:25,18.3851,42.4509,53.71,88,10,5.37
353,Coihaique,RU,2022-01-19 22:27:25,52.2667,79.1667,-3.28,100,73,4.0
354,Coihaique,BR,2022-01-19 22:27:25,-1.8283,-44.8683,75.6,93,34,4.32
355,Coihaique,ID,2022-01-19 22:27:26,-8.65,115.2167,78.46,83,20,9.22
356,Coihaique,PH,2022-01-19 22:27:26,7.9986,124.2928,65.12,91,100,2.86
357,Coihaique,CO,2022-01-19 22:27:27,11.7751,-72.4445,89.71,55,6,22.73
358,Coihaique,CL,2022-01-19 22:24:07,-22.4667,-68.9333,79.29,25,0,25.32
359,Coihaique,ES,2022-01-19 22:27:27,39.8885,4.2658,43.36,93,75,8.05
360,Coihaique,BR,2022-01-19 22:27:27,-2.99,-65.1083,84.15,94,96,4.63
361,Coihaique,EG,2022-01-19 22:27:26,31.2156,29.9553,53.56,76,40,13.8
362,Coihaique,MX,2022-01-19 22:27:28,28.5,-106.0,63.43,18,64,14.16
363,Coihaique,CL,2022-01-19 22:27:28,-45.5752,-72.0662,82.35,17,0,4.61
364,Coihaique,ZA,2022-01-19 22:27:28,-30.7414,30.455,71.78,82,81,2.89
365,Coihaique,US,2022-01-19 22:27:29,60.5544,-151.2583,28.09,93,100,12.66
366,Coihaique,IN,2022-01-19 22:27:29,10.9,75.9167,76.19,82,3,4.85
367,Coihaique,RU,2022-01-19 22:27:29,69.3,139.9,-24.57,75,26,1.86
368,Coihaique,US,2022-01-19 22:27:30,64.5011,-165.4064,-2.13,50,0,6.91
369,Coihaique,RU,2022-01-19 22:28:30,61.0108,61.9978,12.74,96,79,4.83
370,Coihaique,RU,2022-01-19 22:28:30,66.6572,66.4183,-9.24,97,46,3.47
371,Coihaique,US,2022-01-19 22:24:34,34.2257,-77.9447,59.92,56,14,7.29
372,Coihaique,AU,2022-01-19 22:28:31,-27.9833,153.3333,75.85,95,100,5.01
373,Coihaique,RU,2022-01-19 22:28:31,65.7,82.4667,2.95,96,100,12.3
374,Coihaique,FI,2022-01-19 22:28:32,66.7131,27.4306,28.81,90,100,8.72
375,Coihaique,PK,2022-01-19 22:28:32,25.2088,64.6357,71.91,87,5,18.57
376,Coihaique,PK,2022-01-19 22:28:32,32.2486,72.1108,50.0,81,9,2.26
377,Coihaique,LY,2022-01-19 22:28:33,32.3754,15.0925,55.2,79,85,1.36
378,Coihaique,NA,2022-01-19 22:28:33,-18.0607,13.84,68.79,63,94,6.67
379,Coihaique,CA,2022-01-19 22:28:33,45.6169,-61.9986,21.15,71,79,1.01
380,Coihaique,PH,2022-01-19 22:28:34,15.7568,121.5503,73.0,94,82,6.93
381,Coihaique,PG,2022-01-19 22:28:34,-10.6167,150.6667,82.98,74,95,13.69
382,Coihaique,NP,2022-01-19 22:28:34,26.8865,88.0718,43.18,69,30,4.0
383,Coihaique,CA,2022-01-19 22:28:35,50.6996,-127.4199,48.76,93,100,20.71
384,Coihaique,AU,2022-01-19 22:28:35,-20.7333,139.5,76.77,94,40,4.61
385,Coihaique,AU,2022-01-19 22:25:25,-23.7,133.8833,80.22,61,40,5.01
386,Coihaique,SO,2022-01-19 22:28:35,5.3505,48.5268,77.72,78,83,16.78
387,Coihaique,ID,2022-01-19 22:28:36,-7.3817,108.2082,71.35,94,99,1.83
388,Coihaique,RO,2022-01-19 22:28:36,44.85,26.9167,29.64,62,8,8.52
389,Coihaique,SE,2022-01-19 22:28:36,59.2741,15.2066,32.18,57,100,29.93
390,Coihaique,IS,2022-01-19 22:28:37,66.0449,-17.3389,28.31,74,99,15.59
391,Coihaique,RU,2022-01-19 22:28:37,60.4667,166.1,-17.77,83,3,9.17
392,Coihaique,MX,2022-01-19 22:27:38,20.7,-105.2,76.23,73,100,8.05
393,Coihaique,RU,2022-01-19 22:28:37,64.75,177.4833,-34.01,65,46,5.99
394,Coihaique,JP,2022-01-19 22:28:38,26.1842,127.7558,58.28,70,75,5.75
395,Coihaique,CA,2022-01-19 22:28:38,50.1001,-91.917,-10.82,70,20,11.5
396,Coihaique,CN,2022-01-19 22:28:38,35.6003,103.2064,30.79,40,83,1.83
397,Coihaique,ID,2022-01-19 22:28:39,-6.3424,106.1045,73.56,94,90,3.78
398,Coihaique,ID,2022-01-19 22:28:39,-2.8833,108.2667,75.63,87,100,10.69
399,Coihaique,EG,2022-01-19 22:28:39,26.7693,31.5021,52.12,62,70,9.26
400,Coihaique,CD,2022-01-19 22:28:40,0.0487,18.2603,74.64,59,100,1.77
401,Coihaique,AU,2022-01-19 22:28:40,-34.7333,135.8667,71.51,73,0,13.42
402,Coihaique,US,2022-01-19 22:28:40,55.3422,-131.6461,44.58,87,100,18.41
403,Coihaique,ID,2022-01-19 22:28:41,-9.6567,120.2641,76.15,86,100,6.51
404,Coihaique,IN,2022-01-19 22:28:41,18.15,74.5833,66.7,43,87,3.06
405,Coihaique,SR,2022-01-19 22:28:41,5.8833,-56.3167,76.14,90,28,11.3
406,Coihaique,NO,2022-01-19 22:28:42,69.0125,23.0412,3.27,96,76,5.93
407,Coihaique,MX,2022-01-19 22:28:42,30.4833,-115.95,62.8,72,16,13.69
408,Coihaique,MR,2022-01-19 22:28:42,20.5022,-10.0711,65.64,13,0,12.21
409,Coihaique,SD,2022-01-19 22:28:43,13.6017,26.6876,54.91,24,0,17.25
410,Coihaique,PE,2022-01-19 22:28:43,-5.5569,-80.8222,80.35,57,100,17.36
411,Coihaique,ML,2022-01-19 22:28:43,20.1986,1.0114,60.22,24,4,12.21
412,Coihaique,MG,2022-01-19 22:28:44,-17.0167,48.5833,65.82,96,100,6.04
413,Coihaique,SD,2022-01-19 22:28:44,14.2,24.6667,51.49,27,0,11.7
414,Coihaique,AU,2022-01-19 22:26:49,-16.9167,145.7667,86.11,74,99,11.5
415,Coihaique,CF,2022-01-19 22:28:44,7.6994,18.629,71.62,23,31,5.73
416,Coihaique,RU,2022-01-19 22:28:45,51.3223,42.7678,-2.33,100,100,4.29
417,Coihaique,RU,2022-01-19 22:28:45,56.257,37.9954,22.8,95,100,10.58
418,Coihaique,IN,2022-01-19 22:29:45,27.5833,91.8667,23.04,78,71,6.49
419,Coihaique,SB,2022-01-19 22:29:46,-8.103,156.8419,83.37,73,95,2.66
420,Coihaique,US,2022-01-19 22:29:46,35.1186,-120.5907,70.21,46,0,5.99
421,Coihaique,AU,2022-01-19 22:29:46,-20.0167,148.2333,79.02,69,58,14.43
422,Coihaique,JP,2022-01-19 22:29:47,35.7333,140.8333,25.2,50,79,3.49
423,Coihaique,KE,2022-01-19 22:29:47,3.1191,35.5973,83.16,51,16,1.19
424,Coihaique,PE,2022-01-19 22:25:00,-9.0853,-78.5783,75.27,73,19,11.92
425,Coihaique,BR,2022-01-19 22:29:47,-1.9608,-48.1967,73.76,97,80,3.38
426,Coihaique,BR,2022-01-19 22:29:48,-3.41,-39.0306,82.42,82,22,11.5
427,Coihaique,SV,2022-01-19 22:29:48,13.1969,-88.0544,94.89,36,0,3.94
428,Coihaique,MX,2022-01-19 22:29:48,20.8667,-90.4,76.68,61,0,10.42
429,Coihaique,CN,2022-01-19 22:29:06,27.3167,103.7167,41.4,85,96,0.89
430,Coihaique,BR,2022-01-19 22:29:49,-18.755,-40.8908,75.18,86,20,4.32
431,Coihaique,AF,2022-01-19 22:29:49,30.15,62.6,53.74,50,1,3.33
432,Coihaique,NO,2022-01-19 22:29:49,70.3705,31.1107,26.35,72,53,20.09
433,Coihaique,GB,2022-01-19 22:29:50,58.2093,-6.3865,39.16,77,100,1.01
434,Coihaique,NO,2022-01-19 22:29:50,70.8578,29.0864,30.15,86,100,24.16
435,Coihaique,US,2022-01-19 22:29:50,59.6425,-151.5483,29.77,89,100,0.0
436,Coihaique,CO,2022-01-19 22:29:51,2.1837,-73.7849,82.99,62,100,1.3
437,Coihaique,CA,2022-01-19 22:29:51,54.7682,-101.865,-7.83,90,62,6.38
438,Coihaique,CN,2022-01-19 22:29:51,42.1167,118.7833,5.97,52,7,1.28
439,Coihaique,CA,2022-01-19 22:29:52,50.1333,-101.6677,-13.36,91,6,10.31
440,Coihaique,PE,2022-01-19 22:29:52,-15.6383,-71.6011,52.36,74,96,9.19
441,Coihaique,TH,2022-01-19 22:29:52,8.0,98.25,73.62,88,20,1.14
442,Coihaique,RU,2022-01-19 22:29:53,56.45,138.1667,-1.07,73,100,6.44
443,Coihaique,US,2022-01-19 22:25:32,20.8947,-156.47,83.46,71,40,13.8
444,Coihaique,ID,2022-01-19 22:29:53,-2.5833,115.3833,73.36,95,100,1.43
445,Coihaique,AT,2022-01-19 22:29:53,46.8289,12.769,32.9,86,29,3.42
446,Coihaique,ID,2022-01-19 22:29:54,-8.4667,140.3333,77.02,93,100,7.34
447,Coihaique,US,2022-01-19 22:29:54,37.7799,-121.978,65.91,59,0,1.99
448,Coihaique,US,2022-01-19 22:29:55,46.4083,-105.8406,13.51,60,0,5.75
449,Coihaique,MV,2022-01-19 22:29:55,5.6667,73.0,80.92,72,63,11.36
450,Coihaique,SL,2022-01-19 22:29:55,7.6244,-11.8332,74.84,88,23,2.1
451,Coihaique,MR,2022-01-19 22:29:56,20.5169,-13.0499,72.63,10,0,9.44
452,Coihaique,RU,2022-01-19 22:29:56,67.45,153.6833,-42.27,100,51,1.83
453,Coihaique,MN,2022-01-19 22:29:57,48.8125,103.5347,4.48,96,99,2.17
454,Coihaique,AR,2022-01-19 22:29:59,-33.295,-66.3356,76.23,50,89,6.96
455,Coihaique,IR,2022-01-19 22:29:59,37.0765,57.5101,24.46,33,0,5.57
456,Coihaique,JM,2022-01-19 22:30:00,17.8815,-76.4093,83.82,76,8,12.73
457,Coihaique,IN,2022-01-19 22:30:00,34.1667,77.5833,3.56,87,87,2.64
458,Coihaique,PK,2022-01-19 22:30:01,28.8947,64.4101,58.44,69,54,4.83
459,Coihaique,CA,2022-01-19 22:30:02,44.5462,-78.542,31.87,86,98,14.67
460,Coihaique,CN,2022-01-19 22:30:02,32.4933,119.9106,37.89,77,7,9.42
461,Coihaique,BR,2022-01-19 22:30:03,-6.2222,-57.7528,76.8,89,87,2.53
462,Coihaique,CA,2022-01-19 22:30:04,50.0333,-113.5852,24.78,73,32,7.74
463,Coihaique,CA,2022-01-19 22:30:05,49.8496,-124.5361,46.08,93,100,8.05
464,Coihaique,US,2022-01-19 22:30:13,64.8569,-147.8028,7.59,81,75,3.44
465,Coihaique,RU,2022-01-19 22:31:06,63.05,179.3167,-21.37,89,9,9.57
466,Coihaique,SS,2022-01-19 22:31:06,9.2333,29.8333,71.64,22,52,8.7
467,Coihaique,MZ,2022-01-19 22:31:07,-19.6094,34.7431,80.11,72,7,3.33
468,Coihaique,PG,2022-01-19 22:31:07,-6.2167,155.6333,83.3,74,93,6.82
469,Coihaique,RU,2022-01-19 22:31:07,49.5776,111.9753,0.03,98,100,1.72
470,Coihaique,IR,2022-01-19 22:31:08,28.2211,61.2158,49.96,92,2,6.64
471,Coihaique,CN,2022-01-19 22:31:08,39.8161,109.9776,22.01,44,0,11.07
472,Coihaique,ME,2022-01-19 22:31:08,42.7731,18.9445,35.47,74,2,2.37
473,Coihaique,SA,2022-01-19 22:31:09,26.326,43.975,48.65,48,0,4.45
474,Coihaique,CA,2022-01-19 22:28:08,52.7834,-108.2847,-13.59,76,0,5.75
475,Coihaique,KZ,2022-01-19 22:31:09,46.844,74.9804,17.58,90,100,16.08
476,Coihaique,GF,2022-01-19 22:31:09,4.25,-54.3833,72.9,98,59,3.38
477,Coihaique,CL,2022-01-19 22:28:24,-30.5983,-71.2003,79.83,26,0,8.34
478,Coihaique,RU,2022-01-19 22:31:10,54.0257,44.4191,-1.97,100,99,5.21
479,Coihaique,CA,2022-01-19 22:31:10,47.0999,-55.765,27.99,66,99,27.56
480,Coihaique,IN,2022-01-19 22:31:11,28.25,77.0667,52.03,69,4,1.25
481,Coihaique,SL,2022-01-19 22:31:11,7.5264,-12.505,79.52,79,15,7.47
482,Coihaique,MX,2022-01-19 22:31:11,27.85,-101.1167,83.1,17,46,12.39
483,Coihaique,MG,2022-01-19 22:31:11,-25.1667,45.05,71.6,74,43,8.84
484,Coihaique,ML,2022-01-19 22:31:12,18.4411,1.4078,59.9,23,0,11.5
485,Coihaique,CN,2022-01-19 22:31:12,33.4474,112.7142,30.6,79,37,12.12
486,Coihaique,SA,2022-01-19 22:31:13,17.4924,44.1277,59.65,70,1,1.23
487,Coihaique,CA,2022-01-19 22:31:13,44.6169,-65.7655,38.71,80,100,22.24
488,Coihaique,GL,2022-01-19 22:31:13,60.9167,-46.05,50.22,96,100,13.53
489,Coihaique,EG,2022-01-19 22:31:14,31.4044,30.4164,53.42,51,38,14.54
490,Coihaique,AU,2022-01-19 22:31:14,-35.3378,143.5544,74.62,38,0,17.25
491,Coihaique,ID,2022-01-19 22:31:14,-9.8607,124.284,66.69,97,100,1.52
492,Coihaique,BR,2022-01-19 22:31:15,-2.9248,-39.9167,79.61,82,25,13.98
493,Coihaique,BB,2022-01-19 22:31:15,13.0667,-59.5333,78.89,73,75,18.41
494,Coihaique,SB,2022-01-19 22:27:29,-9.4333,159.95,83.77,72,65,2.35
495,Coihaique,NE,2022-01-19 22:31:16,18.7369,7.3853,55.96,27,0,7.45
496,Coihaique,US,2022-01-19 22:31:16,43.2128,-75.4557,42.94,68,100,6.91
497,Coihaique,KZ,2022-01-19 22:31:16,43.9098,67.2495,25.11,91,100,8.99
498,Coihaique,BR,2022-01-19 22:31:17,-7.2586,-64.7981,78.53,88,97,3.24
499,Coihaique,US,2022-01-19 22:31:17,37.1041,-113.5841,61.63,35,0,1.99
500,Coihaique,SN,2022-01-19 22:30:20,14.6937,-17.4441,76.08,88,5,6.91
501,Coihaique,BR,2022-01-19 22:31:17,-30.0392,-52.8939,89.42,41,60,6.11
502,Coihaique,KZ,2022-01-19 22:31:18,48.5872,57.1869,0.79,92,96,8.66
503,Coihaique,IS,2022-01-19 22:31:18,63.863,-21.1481,32.0,76,68,8.63
504,Coihaique,SD,2022-01-19 22:31:19,19.1059,37.3321,67.08,52,1,12.62
505,Coihaique,AU,2022-01-19 22:31:19,-37.5662,143.8496,66.97,44,1,1.21
506,Coihaique,AR,2022-01-19 22:31:19,-34.6417,-60.4739,79.81,91,99,10.36
507,Coihaique,BB,2022-01-19 22:31:20,13.25,-59.65,79.41,76,14,20.27
508,Coihaique,TR,2022-01-19 22:32:20,38.7373,34.0387,12.45,89,11,4.56
509,Coihaique,KZ,2022-01-19 22:32:21,49.7386,84.2719,23.05,97,100,3.36
510,Coihaique,BR,2022-01-19 22:32:21,-28.24,-48.6703,82.81,91,0,10.92
511,Coihaique,US,2022-01-19 22:29:10,36.6777,-121.6555,68.0,64,0,8.05
512,Coihaique,US,2022-01-19 22:32:22,37.4636,-122.4286,67.62,73,0,1.01
513,Coihaique,TD,2022-01-19 22:32:22,13.2954,19.6966,62.58,21,2,14.7
514,Coihaique,RO,2022-01-19 22:32:22,46.4333,26.4,22.28,84,22,7.63
515,Coihaique,NZ,2022-01-19 22:32:23,-45.8742,170.5036,58.8,62,89,11.99
516,Coihaique,US,2022-01-19 22:32:23,34.9745,-92.0165,53.33,89,100,12.66
517,Coihaique,KZ,2022-01-19 22:32:24,49.705,72.7047,-1.62,93,7,7.49
518,Coihaique,IN,2022-01-19 22:32:24,16.5833,82.0167,64.38,95,69,0.58
519,Coihaique,CN,2022-01-19 22:32:24,27.2315,111.4525,45.73,92,100,3.98
520,Coihaique,MU,2022-01-19 22:32:24,-19.9842,57.6142,80.47,87,100,13.06
521,Coihaique,IS,2022-01-19 22:32:25,64.8945,-23.7142,39.31,85,100,17.2
522,Coihaique,US,2022-01-19 22:32:25,28.017,-97.5169,88.21,28,28,6.4
523,Coihaique,BR,2022-01-19 22:32:26,-6.0911,-35.2086,82.78,74,85,8.86
524,Coihaique,SN,2022-01-19 22:32:26,15.6175,-13.3303,75.2,38,0,4.61
525,Coihaique,RU,2022-01-19 22:32:27,50.7587,59.5386,-6.2,100,100,5.61
526,Coihaique,US,2022-01-19 22:32:27,47.4874,-117.5758,37.74,94,100,5.75
527,Coihaique,RU,2022-01-19 22:28:11,56.1325,101.6142,7.29,99,95,3.18
528,Coihaique,SB,2022-01-19 22:32:27,-8.145,159.5921,83.66,78,93,4.07
529,Coihaique,PH,2022-01-19 22:32:28,8.9603,117.5828,77.79,85,92,7.14
530,Coihaique,RU,2022-01-19 22:32:28,50.5994,97.5228,0.0,99,85,1.66
531,Coihaique,RU,2022-01-19 22:32:28,58.6978,81.4825,9.1,95,92,7.45
532,Coihaique,US,2022-01-19 22:32:29,32.7701,-108.2803,49.96,61,0,11.01
533,Coihaique,US,2022-01-19 22:30:54,64.8378,-147.7164,7.61,81,75,0.0
534,Coihaique,PH,2022-01-19 22:32:29,10.9995,122.6711,73.74,95,82,6.8
535,Coihaique,TR,2022-01-19 22:32:29,40.2281,27.2422,33.06,55,2,6.42
536,Coihaique,IR,2022-01-19 22:32:30,29.106,58.357,50.25,45,0,1.52
537,Coihaique,RU,2022-01-19 22:32:30,66.3167,-179.1667,-17.46,76,1,8.34
538,Coihaique,CA,2022-01-19 22:32:31,43.7501,-81.7165,26.92,63,100,17.27
539,Coihaique,RU,2022-01-19 22:32:31,51.8462,109.9097,-3.66,98,100,1.59
540,Coihaique,GH,2022-01-19 22:32:31,11.0616,-0.2417,70.61,18,0,8.84
541,Coihaique,SY,2022-01-19 22:32:32,35.0113,37.0532,31.66,52,43,10.69
542,Coihaique,IR,2022-01-19 22:32:32,25.2919,60.643,71.8,87,11,13.29
543,Coihaique,CN,2022-01-19 22:32:32,39.4547,75.9797,24.01,50,39,8.95
544,Coihaique,MY,2022-01-19 22:32:33,4.4818,118.6112,73.6,90,100,6.22
545,Coihaique,GP,2022-01-19 22:32:33,16.3324,-61.6979,77.04,78,0,9.22
546,Coihaique,NA,2022-01-19 22:32:34,-22.116,14.2845,68.86,88,99,9.37
547,Coihaique,BY,2022-01-19 22:32:34,55.4624,29.9816,30.25,93,100,11.18
548,Coihaique,ID,2022-01-19 22:32:34,-0.0333,109.3333,75.18,100,100,2.3
549,Coihaique,GA,2022-01-19 22:32:35,-0.7193,8.7815,79.39,80,100,5.93
550,Coihaique,IN,2022-01-19 22:32:35,17.65,83.2667,70.32,74,69,1.86
551,Coihaique,PE,2022-01-19 22:32:35,-7.8447,-79.1469,72.14,68,47,9.51
552,Coihaique,PL,2022-01-19 22:32:36,53.9208,19.0307,39.42,84,100,20.11
553,Coihaique,GH,2022-01-19 22:32:36,4.8699,-2.2405,79.38,80,12,5.64
554,Coihaique,SY,2022-01-19 22:32:36,35.3029,37.1841,33.37,44,20,23.47
555,Coihaique,CA,2022-01-19 22:29:08,55.2999,-123.1698,8.82,85,100,0.0
556,Coihaique,RU,2022-01-19 22:33:37,45.2333,147.8833,25.63,79,97,17.16
557,Coihaique,KZ,2022-01-19 22:33:37,49.6311,72.8539,-1.82,95,6,6.78
558,Coihaique,BR,2022-01-19 22:33:37,-7.3619,-46.6172,73.11,88,79,4.12
559,Coihaique,PE,2022-01-19 22:33:38,-12.6,-69.1833,78.94,84,99,0.74
560,Coihaique,UZ,2022-01-19 22:33:38,40.4272,71.7189,38.12,70,75,4.61
561,Coihaique,GR,2022-01-19 22:33:39,37.8333,24.9333,43.36,53,26,2.37
562,Coihaique,RU,2022-01-19 22:33:39,63.7553,121.6247,-12.91,100,99,3.2
563,Coihaique,RU,2022-01-19 22:33:39,48.0448,40.045,23.14,98,86,4.9
564,Coihaique,IT,2022-01-19 22:33:40,46.6166,10.7002,33.26,79,4,3.31
565,Coihaique,CD,2022-01-19 22:33:40,-0.2167,20.8667,72.18,74,86,0.89
566,Coihaique,AU,2022-01-19 22:33:40,-36.0833,146.9167,70.32,74,0,8.05
567,Coihaique,CN,2022-01-19 22:33:41,40.125,116.6453,21.15,63,100,6.71
568,Coihaique,RU,2022-01-19 22:33:41,65.75,150.85,-35.55,95,22,6.93
569,Coihaique,RU,2022-01-19 22:33:42,65.5833,-171.0,-16.4,93,26,8.59
570,Coihaique,JP,2022-01-19 22:33:42,26.1247,127.6694,59.02,67,75,6.91
571,Coihaique,BO,2022-01-19 22:33:42,-17.8,-63.1667,87.85,58,40,10.36
572,Coihaique,MV,2022-01-19 22:33:43,2.9167,73.5667,81.28,75,65,12.03
573,Coihaique,RU,2022-01-19 22:33:43,50.5167,115.1333,-14.62,99,64,1.48
574,Coihaique,MZ,2022-01-19 22:33:43,-24.7117,33.8828,69.78,82,24,4.45
